{"cameraMode":{"drawMode":0,"name":"Shaded","section":"Shading Mode"},"sceneLighting":false,"audioPlay":false,"sceneViewState":{"showFog":true,"showMaterialUpdate":false,"showSkybox":false,"showFlares":true,"showImageEffects":true,"showParticleSystems":true},"in2DMode":false,"pivot":{"x":100.0,"y":10.000000953674317,"z":45.39434814453125},"rotation":{"x":-0.018807871267199518,"y":0.9809597730636597,"z":-0.14706364274024964,"w":-0.1254545897245407},"size":51.96152877807617,"orthographic":false}