{"cameraMode":{"drawMode":0,"name":"Shaded","section":"Shading Mode"},"sceneLighting":true,"audioPlay":false,"sceneViewState":{"showFog":true,"showMaterialUpdate":false,"showSkybox":true,"showFlares":true,"showImageEffects":true,"showParticleSystems":true},"in2DMode":false,"pivot":{"x":14.511627197265625,"y":-193.4345703125,"z":-477.6729431152344},"rotation":{"x":-0.018807871267199518,"y":0.9809597730636597,"z":-0.14706364274024964,"w":-0.1254545897245407},"size":689.2756958007813,"orthographic":false}