{"cameraMode":{"drawMode":0,"name":"Shaded","section":"Shading Mode"},"sceneLighting":true,"audioPlay":false,"sceneViewState":{"showFog":true,"showMaterialUpdate":false,"showSkybox":true,"showFlares":true,"showImageEffects":true,"showParticleSystems":true},"in2DMode":false,"pivot":{"x":-7.93414306640625,"y":2.4945125579833986,"z":23.56771469116211},"rotation":{"x":0.14240820705890656,"y":-0.7262059450149536,"z":0.158205047249794,"w":0.6536943912506104},"size":44.139892578125,"orthographic":false}