{"cameraMode":{"drawMode":0,"name":"Shaded","section":"Shading Mode"},"sceneLighting":true,"audioPlay":false,"sceneViewState":{"showFog":true,"showMaterialUpdate":false,"showSkybox":true,"showFlares":true,"showImageEffects":true,"showParticleSystems":true},"in2DMode":false,"pivot":{"x":-68.02581787109375,"y":-109.91448974609375,"z":140.26284790039063},"rotation":{"x":-0.18575505912303925,"y":0.663677453994751,"z":-0.1753518134355545,"w":-0.7030515670776367},"size":235.22628784179688,"orthographic":false}